ticker,start_date,end_date,no_data
TRMB,2021-01-21 00:00:00+00,null,null
AMH,1996-01-02 00:00:00+00,1997-09-15 00:00:00+00,null
FMCC,1996-01-02 00:00:00+00,2008-09-11 00:00:00+00,null
ABNB,2023-09-18 00:00:00+00,null,null
PPG,1996-01-02 00:00:00+00,null,null
SFS,1996-01-02 00:00:00+00,1997-07-28 00:00:00+00,null
LDG,1996-01-02 00:00:00+00,2001-07-02 00:00:00+00,null
FLMIQ,1996-01-02 00:00:00+00,1997-12-24 00:00:00+00,null
TGNA,1996-01-02 00:00:00+00,2017-06-02 00:00:00+00,null
BRO,2021-09-20 00:00:00+00,null,null
AIZ,2007-04-10 00:00:00+00,null,null
NBL,2007-10-08 00:00:00+00,2020-10-12 00:00:00+00,null
VIAC,2019-12-05 00:00:00+00,2022-02-17 00:00:00+00,null
ADSK,1996-01-02 00:00:00+00,null,null
CMCSA,1996-01-02 00:00:00+00,null,null
SBUX,2000-06-08 00:00:00+00,null,null
NWS,2015-09-21 00:00:00+00,null,null
AEE,1996-01-02 00:00:00+00,null,null
MTCH,2021-09-20 00:00:00+00,null,null
CHA,1996-01-02 00:00:00+00,2000-06-19 00:00:00+00,null
CF,2000-06-19 00:00:00+00,2004-09-01 00:00:00+00,null
CF,2008-08-27 00:00:00+00,null,null
LW,2018-12-03 00:00:00+00,null,null
HM,1996-01-02 00:00:00+00,2001-12-17 00:00:00+00,null
TOY,1996-01-02 00:00:00+00,2005-07-22 00:00:00+00,null
COL,2001-07-02 00:00:00+00,2018-11-27 00:00:00+00,null
ESRX,2003-09-26 00:00:00+00,2018-12-21 00:00:00+00,null
MUR,2005-08-15 00:00:00+00,2017-07-26 00:00:00+00,null
AME,2013-09-23 00:00:00+00,null,null
VNT,2020-10-12 00:00:00+00,2021-03-22 00:00:00+00,null
HCA,1996-01-02 00:00:00+00,2006-11-20 00:00:00+00,null
HCA,2015-01-27 00:00:00+00,null,null
SBL,2000-12-11 00:00:00+00,2007-01-10 00:00:00+00,null
AVGO,2014-05-08 00:00:00+00,null,null
TDG,2016-06-03 00:00:00+00,null,null
COC.B,1999-08-09 00:00:00+00,2002-09-03 00:00:00+00,null
PSA,2005-08-19 00:00:00+00,null,null
ODFL,2019-12-09 00:00:00+00,null,null
IT,2017-04-05 00:00:00+00,null,null
IQV,2017-08-29 00:00:00+00,null,null
CIT.A,2000-07-17 00:00:00+00,2001-06-04 00:00:00+00,null
USBC,1996-01-02 00:00:00+00,1997-08-04 00:00:00+00,null
YUM,1997-10-07 00:00:00+00,null,null
PCL,2002-01-17 00:00:00+00,2016-02-22 00:00:00+00,null
IR,1996-01-02 00:00:00+00,2009-07-01 00:00:00+00,null
IR,2010-11-17 00:00:00+00,null,null
UNH,1996-01-02 00:00:00+00,null,null
WLP,1999-06-09 00:00:00+00,2004-12-01 00:00:00+00,null
HMA,2001-11-07 00:00:00+00,2007-03-02 00:00:00+00,null
RDC,1996-01-02 00:00:00+00,2014-08-19 00:00:00+00,null
PHB,1996-01-02 00:00:00+00,1999-10-04 00:00:00+00,null
MRO,1996-01-02 00:00:00+00,2024-11-26 00:00:00+00,null
DAY,2024-02-01 00:00:00+00,null,null
DEC,1996-01-02 00:00:00+00,1998-06-12 00:00:00+00,null
EQT,2008-12-19 00:00:00+00,2018-11-13 00:00:00+00,null
EQT,2022-10-03 00:00:00+00,null,null
T,1996-01-02 00:00:00+00,null,null
LIFE,2008-11-24 00:00:00+00,2014-01-24 00:00:00+00,null
CGP,1996-01-02 00:00:00+00,2001-01-30 00:00:00+00,null
LEHMQ,1998-01-12 00:00:00+00,2008-09-17 00:00:00+00,null
BRCM,2000-07-03 00:00:00+00,2016-02-01 00:00:00+00,null
HDLM,1996-01-02 00:00:00+00,1996-03-08 00:00:00+00,null
IFF,1996-01-02 00:00:00+00,null,null
BBY,1999-06-30 00:00:00+00,null,null
FLIR,2009-01-02 00:00:00+00,2021-05-14 00:00:00+00,null
KRB,1996-01-02 00:00:00+00,2006-01-03 00:00:00+00,null
PTC,1997-04-03 00:00:00+00,2007-01-03 00:00:00+00,null
PTC,2021-04-20 00:00:00+00,null,null
ARNC,1996-01-02 00:00:00+00,2020-04-06 00:00:00+00,null
FTR,2001-02-27 00:00:00+00,2017-03-20 00:00:00+00,null
CVNA,2025-12-22 00:00:00+00,null,null
GAPTQ,1996-01-02 00:00:00+00,2000-08-30 00:00:00+00,null
PAS,1996-01-02 00:00:00+00,1998-01-30 00:00:00+00,null
JNS,2000-07-13 00:00:00+00,2011-11-23 00:00:00+00,null
HD,1996-01-02 00:00:00+00,null,null
ISRG,2008-06-02 00:00:00+00,null,null
ADBE,1997-05-06 00:00:00+00,null,null
FLT,2018-06-20 00:00:00+00,2024-03-25 00:00:00+00,null
MCD,1996-01-02 00:00:00+00,null,null
CSCO,1996-01-02 00:00:00+00,null,null
KVUE,2023-08-25 00:00:00+00,null,null
HFS,1996-08-16 00:00:00+00,1997-12-18 00:00:00+00,null
JEC,2007-10-26 00:00:00+00,2019-12-10 00:00:00+00,null
CDNS,2017-09-18 00:00:00+00,null,null
MIR,1997-08-07 00:00:00+00,2000-06-01 00:00:00+00,null
MIR,2001-04-03 00:00:00+00,2003-07-17 00:00:00+00,null
ADS,2013-12-23 00:00:00+00,2020-06-22 00:00:00+00,null
MER,1996-01-02 00:00:00+00,2009-01-02 00:00:00+00,null
MON,2002-08-14 00:00:00+00,2018-06-07 00:00:00+00,null
FSH,2004-08-03 00:00:00+00,2006-11-10 00:00:00+00,null
LM,2006-04-24 00:00:00+00,2016-12-02 00:00:00+00,null
BC,1996-01-02 00:00:00+00,2008-06-23 00:00:00+00,null
BNI,1996-01-02 00:00:00+00,2010-02-16 00:00:00+00,null
SE,2007-01-03 00:00:00+00,2017-02-27 00:00:00+00,null
NDAQ,2008-10-22 00:00:00+00,null,null
SRCL,2008-11-19 00:00:00+00,2018-12-03 00:00:00+00,null
SGP,1996-01-02 00:00:00+00,2009-11-04 00:00:00+00,null
AOS,2017-07-26 00:00:00+00,null,null
CHTR,2016-09-08 00:00:00+00,null,null
INFO,2017-06-02 00:00:00+00,2022-03-02 00:00:00+00,null
DLR,2016-05-18 00:00:00+00,null,null
MYL,2004-04-23 00:00:00+00,2020-11-17 00:00:00+00,null
DDS,1996-01-02 00:00:00+00,2008-10-22 00:00:00+00,null
MTG,1996-07-19 00:00:00+00,2008-10-31 00:00:00+00,null
VLO,2004-04-29 00:00:00+00,null,null
JNPR,2006-06-02 00:00:00+00,2025-07-09 00:00:00+00,null
MU,1996-01-02 00:00:00+00,null,null
JNY,2001-12-17 00:00:00+00,2009-03-04 00:00:00+00,null
NUE,1996-01-02 00:00:00+00,null,null
PET,1996-01-02 00:00:00+00,1998-06-29 00:00:00+00,null
VNO,2005-08-12 00:00:00+00,2023-01-04 00:00:00+00,null
AMT,2007-11-19 00:00:00+00,null,null
MTL,1998-02-23 00:00:00+00,1999-09-20 00:00:00+00,null
GMCR,2014-03-24 00:00:00+00,2016-03-03 00:00:00+00,null
CB,1996-01-02 00:00:00+00,null,null
CERN,2010-04-30 00:00:00+00,2022-06-08 00:00:00+00,null
ATO,2019-02-15 00:00:00+00,null,null
DRI,1996-01-02 00:00:00+00,null,null
NFB,2002-07-17 00:00:00+00,2006-12-01 00:00:00+00,null
PEG,1996-01-02 00:00:00+00,null,null
NVLS,2000-06-19 00:00:00+00,2012-06-05 00:00:00+00,null
CCK,1996-01-02 00:00:00+00,2000-12-11 00:00:00+00,null
RBK,1996-01-02 00:00:00+00,2006-02-01 00:00:00+00,null
BDK,1996-01-02 00:00:00+00,2010-03-15 00:00:00+00,null
KRFT,2012-10-02 00:00:00+00,2015-07-06 00:00:00+00,null
APP,2025-09-22 00:00:00+00,null,null
PEP,1996-01-02 00:00:00+00,null,null
CVH,2005-08-30 00:00:00+00,2013-05-07 00:00:00+00,null
KATE,1996-01-02 00:00:00+00,2008-12-02 00:00:00+00,null
OMC,1997-12-24 00:00:00+00,null,null
ITT,1996-01-02 00:00:00+00,2011-11-01 00:00:00+00,null
LOR,1996-01-02 00:00:00+00,1996-04-23 00:00:00+00,null
TROW,1999-10-13 00:00:00+00,null,null
SCG,2009-01-02 00:00:00+00,2019-01-02 00:00:00+00,null
MPC,2011-07-01 00:00:00+00,null,null
FRT,2016-02-01 00:00:00+00,null,null
AXON,2023-05-04 00:00:00+00,null,null
PGN,1996-01-02 00:00:00+00,2012-07-02 00:00:00+00,null
CCE,1998-10-08 00:00:00+00,2016-05-31 00:00:00+00,null
CTVA,2019-06-03 00:00:00+00,null,null
LO,2008-06-11 00:00:00+00,2015-06-12 00:00:00+00,null
FJ,1996-01-02 00:00:00+00,2000-11-24 00:00:00+00,null
MDT,1996-01-02 00:00:00+00,null,null
TMC.A,1996-01-02 00:00:00+00,2000-06-13 00:00:00+00,null
ATI,1996-01-02 00:00:00+00,2015-07-02 00:00:00+00,null
RBD,1996-01-02 00:00:00+00,1999-03-25 00:00:00+00,null
WDC,2009-07-01 00:00:00+00,null,null
BKNG,2009-11-06 00:00:00+00,null,null
MEL,1996-01-02 00:00:00+00,2007-07-02 00:00:00+00,null
FTI,2009-06-05 00:00:00+00,2021-02-12 00:00:00+00,null
GPN,2016-04-25 00:00:00+00,null,null
APCC,2000-06-01 00:00:00+00,2007-02-15 00:00:00+00,null
LXK,1999-08-13 00:00:00+00,2012-10-01 00:00:00+00,null
CNX,2006-06-28 00:00:00+00,2016-03-04 00:00:00+00,null
DISH,2017-03-13 00:00:00+00,2023-06-20 00:00:00+00,null
CCL,1998-12-22 00:00:00+00,null,null
MOLX,1999-12-01 00:00:00+00,2013-12-09 00:00:00+00,null
RLM,1996-01-02 00:00:00+00,2000-05-04 00:00:00+00,null
ITW,1996-01-02 00:00:00+00,null,null
HOG,2000-01-31 00:00:00+00,2020-06-22 00:00:00+00,null
SDS,2002-07-22 00:00:00+00,2005-08-12 00:00:00+00,null
WAMUQ,1997-07-02 00:00:00+00,2008-09-30 00:00:00+00,null
CSRA,2015-11-30 00:00:00+00,2018-04-04 00:00:00+00,null
HPQ,1996-01-02 00:00:00+00,null,null
AHM,1996-01-02 00:00:00+00,1998-10-01 00:00:00+00,true
IRM,2009-01-06 00:00:00+00,null,null
SK,1996-01-02 00:00:00+00,1998-04-01 00:00:00+00,null
USW,1996-01-02 00:00:00+00,2000-07-03 00:00:00+00,null
WAT,2002-01-02 00:00:00+00,null,null
GHC,2007-12-31 00:00:00+00,2014-09-22 00:00:00+00,null
NVR,2019-09-26 00:00:00+00,null,null
BBI,1996-01-02 00:00:00+00,1998-01-12 00:00:00+00,null
PG,1996-01-02 00:00:00+00,null,null
WU,2006-10-02 00:00:00+00,2021-12-20 00:00:00+00,null
EG,2023-07-10 00:00:00+00,null,null
CEN,1996-01-02 00:00:00+00,2001-04-02 00:00:00+00,null
CPB,1996-01-02 00:00:00+00,null,null
BKR,2019-10-18 00:00:00+00,null,null
WTW,2022-01-10 00:00:00+00,null,null
FTNT,2018-10-11 00:00:00+00,null,null
LB,1996-01-02 00:00:00+00,2021-08-03 00:00:00+00,null
CNC,1997-01-15 00:00:00+00,2002-07-25 00:00:00+00,null
CNC,2016-03-30 00:00:00+00,null,null
MII,1996-01-02 00:00:00+00,1999-06-22 00:00:00+00,null
BALL,2022-05-10 00:00:00+00,null,null
BCO,1996-01-02 00:00:00+00,1996-01-22 00:00:00+00,null
QEP,2010-07-01 00:00:00+00,2015-07-01 00:00:00+00,null
SIVB,2018-03-19 00:00:00+00,2023-03-15 00:00:00+00,null
STT,1997-08-18 00:00:00+00,null,null
IEX,2019-08-09 00:00:00+00,null,null
BBWI,2021-08-03 00:00:00+00,2024-10-01 00:00:00+00,null
DI,1996-01-02 00:00:00+00,1998-09-30 00:00:00+00,null
CIN,1996-01-02 00:00:00+00,2006-04-03 00:00:00+00,null
PMCS,2001-08-03 00:00:00+00,2007-07-02 00:00:00+00,null
I,1996-01-02 00:00:00+00,1996-04-01 00:00:00+00,null
PRU,2002-07-22 00:00:00+00,null,null
PLD,2003-07-17 00:00:00+00,null,null
PARA,2022-02-17 00:00:00+00,2025-08-08 00:00:00+00,null
ADI,1999-10-12 00:00:00+00,null,null
WNDXQ,1996-01-02 00:00:00+00,2004-12-03 00:00:00+00,null
DRE,2017-07-26 00:00:00+00,2022-10-03 00:00:00+00,null
CEG,1996-01-02 00:00:00+00,2012-03-13 00:00:00+00,null
CEG,2022-02-02 00:00:00+00,null,null
A,2000-06-05 00:00:00+00,null,null
SYMC,2003-03-31 00:00:00+00,2019-11-05 00:00:00+00,null
SNPS,2017-03-16 00:00:00+00,null,null
CMI,1996-01-02 00:00:00+00,null,null
FBF,1996-01-02 00:00:00+00,2004-04-01 00:00:00+00,null
PAYX,1998-10-01 00:00:00+00,null,null
LYB,2012-09-05 00:00:00+00,null,null
ROP,2009-12-23 00:00:00+00,null,null
AEP,1996-01-02 00:00:00+00,null,null
CCTYQ,1996-01-02 00:00:00+00,2008-03-31 00:00:00+00,null
ZBH,2001-08-07 00:00:00+00,null,null
RIG,1999-12-31 00:00:00+00,2008-12-19 00:00:00+00,null
RIG,2013-10-29 00:00:00+00,2017-07-26 00:00:00+00,null
HAR,2006-02-01 00:00:00+00,2017-03-13 00:00:00+00,null
DCNAQ,1996-01-02 00:00:00+00,2006-03-03 00:00:00+00,null
DXCM,2020-05-12 00:00:00+00,null,null
SFA,1996-01-02 00:00:00+00,2006-02-27 00:00:00+00,null
SGID,1996-01-02 00:00:00+00,2000-06-21 00:00:00+00,null
SWY,1998-11-13 00:00:00+00,2015-01-27 00:00:00+00,null
FPC,1999-06-22 00:00:00+00,2000-12-01 00:00:00+00,null
DELL,1996-09-06 00:00:00+00,2013-10-29 00:00:00+00,null
DELL,2024-09-23 00:00:00+00,null,null
BEAM,1996-01-02 00:00:00+00,2014-05-01 00:00:00+00,null
PXD,2008-09-24 00:00:00+00,2024-05-08 00:00:00+00,null
WHR,1996-01-02 00:00:00+00,2024-03-18 00:00:00+00,null
ECO,1996-01-02 00:00:00+00,1998-01-20 00:00:00+00,null
GNW,2005-12-02 00:00:00+00,2015-11-18 00:00:00+00,null
TTD,2025-07-18 00:00:00+00,null,null
TRB,1996-01-02 00:00:00+00,2007-12-21 00:00:00+00,null
CVG,2000-06-13 00:00:00+00,2009-12-21 00:00:00+00,null
RSG,2008-12-05 00:00:00+00,null,null
HOLX,2016-03-30 00:00:00+00,null,null
NMK,1996-01-02 00:00:00+00,2002-02-01 00:00:00+00,null
COST,1996-01-02 00:00:00+00,null,null
PLL,1996-01-02 00:00:00+00,2015-08-31 00:00:00+00,null
VSTNQ,2000-06-29 00:00:00+00,2006-01-03 00:00:00+00,null
EOP,2001-10-10 00:00:00+00,2007-02-12 00:00:00+00,null
AMZN,2005-11-21 00:00:00+00,null,null
GGP,2007-07-02 00:00:00+00,2008-11-13 00:00:00+00,null
GGP,2013-12-10 00:00:00+00,2018-08-28 00:00:00+00,null
CVX,1996-01-02 00:00:00+00,null,null
PEL,1996-01-02 00:00:00+00,1997-06-19 00:00:00+00,null
PGR,1997-08-04 00:00:00+00,null,null
EC,1996-01-02 00:00:00+00,2006-06-06 00:00:00+00,null
AON,1996-04-23 00:00:00+00,null,null
GDDY,2024-06-24 00:00:00+00,null,null
BGEN,2000-01-31 00:00:00+00,2003-11-13 00:00:00+00,null
CPT,2022-04-04 00:00:00+00,null,null
TMK,1996-01-02 00:00:00+00,2019-08-08 00:00:00+00,null
TX,1996-01-02 00:00:00+00,2001-10-10 00:00:00+00,null
NTAP,1999-06-25 00:00:00+00,null,null
EBAY,2002-07-22 00:00:00+00,null,null
PLTR,2024-09-23 00:00:00+00,null,null
NBR,2000-10-18 00:00:00+00,2015-03-23 00:00:00+00,null
TPL,2024-11-26 00:00:00+00,null,null
CPAY,2024-03-25 00:00:00+00,null,null
ULTA,2016-04-18 00:00:00+00,null,null
AXP,1996-01-02 00:00:00+00,null,null
CRL,2021-05-14 00:00:00+00,null,null
EME,2025-09-22 00:00:00+00,null,null
MCHP,2007-09-07 00:00:00+00,null,null
HUBB,2023-10-18 00:00:00+00,null,null
VTR,2009-03-04 00:00:00+00,null,null
AZA.A,1996-01-02 00:00:00+00,2001-06-25 00:00:00+00,null
ILMN,2015-11-19 00:00:00+00,2024-06-24 00:00:00+00,null
TOS,1999-09-20 00:00:00+00,2001-09-17 00:00:00+00,null
FSLR,2009-10-16 00:00:00+00,2017-03-20 00:00:00+00,null
FSLR,2022-12-19 00:00:00+00,null,null
EQ,2006-05-18 00:00:00+00,2009-07-01 00:00:00+00,null
BFI,1996-01-02 00:00:00+00,1999-08-02 00:00:00+00,null
FB,2013-12-23 00:00:00+00,2022-06-09 00:00:00+00,null
ANET,2018-08-28 00:00:00+00,null,null
TFX,2019-01-18 00:00:00+00,2025-04-24 00:00:00+00,null
OAT,1996-01-02 00:00:00+00,2001-08-03 00:00:00+00,null
PTV,1999-11-05 00:00:00+00,2010-11-17 00:00:00+00,null
FCX,1996-01-02 00:00:00+00,null,null
GS,2002-07-22 00:00:00+00,null,null
XRX,1996-01-02 00:00:00+00,2021-03-22 00:00:00+00,null
VZ,1996-01-02 00:00:00+00,null,null
WLTW,2016-01-05 00:00:00+00,2022-01-10 00:00:00+00,null
META,2022-06-09 00:00:00+00,null,null
SUN,1996-01-02 00:00:00+00,2012-10-05 00:00:00+00,null
GDW,1996-01-02 00:00:00+00,2006-10-02 00:00:00+00,null
J,2019-12-10 00:00:00+00,null,null
HET,1996-01-02 00:00:00+00,2008-01-29 00:00:00+00,null
DVN,2000-08-30 00:00:00+00,null,null
M,1996-01-02 00:00:00+00,2020-04-06 00:00:00+00,null
AVP,1996-01-02 00:00:00+00,2015-03-23 00:00:00+00,null
RTX,2020-04-03 00:00:00+00,null,null
EMC,1996-03-28 00:00:00+00,2016-09-07 00:00:00+00,null
CA,1996-01-02 00:00:00+00,2018-11-06 00:00:00+00,null
SHN,1996-01-02 00:00:00+00,1997-01-02 00:00:00+00,null
VFC,1996-01-02 00:00:00+00,2024-04-03 00:00:00+00,null
EA,2002-07-22 00:00:00+00,null,null
PYPL,2015-07-20 00:00:00+00,null,null
ESS,2014-04-02 00:00:00+00,null,null
BLS,1996-01-02 00:00:00+00,2007-01-03 00:00:00+00,null
SANM,2000-06-21 00:00:00+00,2007-07-02 00:00:00+00,null
OI,1997-08-04 00:00:00+00,2000-12-11 00:00:00+00,null
OI,2009-01-02 00:00:00+00,2016-12-02 00:00:00+00,null
GPU,1996-01-02 00:00:00+00,2001-11-07 00:00:00+00,null
BFO,1996-01-02 00:00:00+00,2000-10-03 00:00:00+00,null
NGH,1998-09-16 00:00:00+00,2000-12-12 00:00:00+00,null
PSFT,1998-10-02 00:00:00+00,2004-12-29 00:00:00+00,null
VMC,1999-07-01 00:00:00+00,null,null
TE,2001-10-10 00:00:00+00,2016-07-01 00:00:00+00,null
SUNEQ,2007-05-31 00:00:00+00,2011-12-19 00:00:00+00,null
SJM,2008-11-06 00:00:00+00,null,null
MWW,2001-06-04 00:00:00+00,2011-12-19 00:00:00+00,null
ARG,2009-09-09 00:00:00+00,2016-05-23 00:00:00+00,null
DJ,1996-01-02 00:00:00+00,2007-12-14 00:00:00+00,null
GR,1996-01-02 00:00:00+00,2012-07-27 00:00:00+00,null
NAV,1996-01-02 00:00:00+00,2006-12-20 00:00:00+00,null
BRK.B,2010-02-16 00:00:00+00,null,null
VICI,2022-06-08 00:00:00+00,null,null
FDC,1996-01-02 00:00:00+00,2007-09-25 00:00:00+00,null
O,2015-04-07 00:00:00+00,null,null
ETS,1996-01-02 00:00:00+00,2001-08-06 00:00:00+00,null
CPQ,1996-01-02 00:00:00+00,2002-05-06 00:00:00+00,null
Q,2000-07-06 00:00:00+00,2011-04-01 00:00:00+00,null
Q,2025-11-03 00:00:00+00,null,null
PALM,2000-07-28 00:00:00+00,2002-08-14 00:00:00+00,null
DDR,2007-03-23 00:00:00+00,2009-03-30 00:00:00+00,null
DASH,2025-04-24 00:00:00+00,null,null
UNM,1996-01-02 00:00:00+00,2021-09-20 00:00:00+00,null
HFC,2018-06-18 00:00:00+00,2021-06-04 00:00:00+00,null
ETN,1996-01-02 00:00:00+00,null,null
ANV,1996-01-02 00:00:00+00,1999-04-12 00:00:00+00,true
AIV,2003-03-14 00:00:00+00,2020-12-21 00:00:00+00,null
LMT,1996-01-02 00:00:00+00,null,null
WEC,2008-10-31 00:00:00+00,null,null
BWA,2011-12-19 00:00:00+00,2025-04-24 00:00:00+00,null
LIN,2018-11-06 00:00:00+00,null,null
FCN,1996-01-02 00:00:00+00,1998-10-02 00:00:00+00,null
SIAL,1996-01-02 00:00:00+00,2015-11-18 00:00:00+00,null
FCPT,2015-11-10 00:00:00+00,2015-11-17 00:00:00+00,null
LH,2004-11-01 00:00:00+00,null,null
HAS,1996-01-02 00:00:00+00,null,null
RNB,1996-01-02 00:00:00+00,2000-01-03 00:00:00+00,null
BMS,1996-01-02 00:00:00+00,2014-12-05 00:00:00+00,null
MS,1996-01-02 00:00:00+00,null,null
XYL,2011-11-01 00:00:00+00,null,null
KORS,2013-11-13 00:00:00+00,2018-09-19 00:00:00+00,null
COMS,1996-01-02 00:00:00+00,2000-07-28 00:00:00+00,null
PFG,2002-07-22 00:00:00+00,null,null
FAST,2008-09-15 00:00:00+00,null,null
LLX,1996-01-02 00:00:00+00,1997-10-23 00:00:00+00,null
MNK,2014-08-19 00:00:00+00,2017-07-26 00:00:00+00,null
FOX,2015-09-21 00:00:00+00,null,null
UTX,1996-01-02 00:00:00+00,2020-04-03 00:00:00+00,null
DXC,1996-01-02 00:00:00+00,2015-12-01 00:00:00+00,null
DXC,2017-04-04 00:00:00+00,2023-10-02 00:00:00+00,null
PH,1996-01-02 00:00:00+00,null,null
TMO,1997-01-02 00:00:00+00,null,null
QRVO,2015-06-12 00:00:00+00,2024-12-23 00:00:00+00,null
CAL,1996-01-02 00:00:00+00,1996-07-22 00:00:00+00,null
OGN,2021-06-04 00:00:00+00,2023-10-18 00:00:00+00,null
COV,1996-01-02 00:00:00+00,1996-08-16 00:00:00+00,null
COV,2007-07-02 00:00:00+00,2009-06-05 00:00:00+00,null
COV,2011-03-01 00:00:00+00,2015-01-27 00:00:00+00,null
PRD,1996-01-02 00:00:00+00,2000-12-12 00:00:00+00,null
AZO,1997-01-02 00:00:00+00,null,null
SAI,1997-07-17 00:00:00+00,1999-01-04 00:00:00+00,null
TDY,2020-06-22 00:00:00+00,null,null
FIS,2006-11-10 00:00:00+00,null,null
ABT,1996-01-02 00:00:00+00,null,null
CL,1996-01-02 00:00:00+00,null,null
DOV,1996-01-02 00:00:00+00,null,null
MMC,1996-01-02 00:00:00+00,2026-01-14 00:00:00+00,null
WSM,2025-04-24 00:00:00+00,null,null
ASH,1996-01-02 00:00:00+00,2008-11-14 00:00:00+00,null
CAT,1996-01-02 00:00:00+00,null,null
CCB,1996-01-02 00:00:00+00,1996-02-12 00:00:00+00,null
GP,1996-01-02 00:00:00+00,2005-12-20 00:00:00+00,null
AYE,2000-12-11 00:00:00+00,2011-02-28 00:00:00+00,null
EXE,2025-04-24 00:00:00+00,null,null
NCR,2000-01-04 00:00:00+00,2007-10-01 00:00:00+00,null
TSG,2000-03-16 00:00:00+00,2007-04-02 00:00:00+00,null
BOAT,1996-01-02 00:00:00+00,1997-01-07 00:00:00+00,null
AW,1999-08-02 00:00:00+00,2008-12-05 00:00:00+00,null
BAY,1996-02-12 00:00:00+00,1998-08-31 00:00:00+00,null
RTN,1996-01-02 00:00:00+00,2020-04-06 00:00:00+00,null
WYE,1996-01-02 00:00:00+00,2009-10-16 00:00:00+00,null
CELG,2006-11-06 00:00:00+00,2019-11-21 00:00:00+00,null
CTB,1996-01-02 00:00:00+00,2006-07-18 00:00:00+00,null
SVU,1996-01-02 00:00:00+00,2012-05-01 00:00:00+00,null
MDR,1996-01-02 00:00:00+00,2003-08-20 00:00:00+00,null
BNL,1996-01-02 00:00:00+00,1998-07-01 00:00:00+00,null
GPS,1996-01-02 00:00:00+00,2022-02-02 00:00:00+00,null
HUM,1996-01-02 00:00:00+00,null,null
FSL,2004-12-03 00:00:00+00,2006-12-04 00:00:00+00,null
COO,2016-09-23 00:00:00+00,null,null
MPWR,2021-02-12 00:00:00+00,null,null
ACS,2004-04-02 00:00:00+00,2010-02-08 00:00:00+00,null
EMR,1996-01-02 00:00:00+00,null,null
CHD,2015-12-29 00:00:00+00,null,null
MKG,1996-01-02 00:00:00+00,2000-10-18 00:00:00+00,null
USB,1996-01-02 00:00:00+00,null,null
SPLS,1998-10-07 00:00:00+00,2017-09-13 00:00:00+00,null
NI,2000-11-02 00:00:00+00,null,null
BUD,1996-01-02 00:00:00+00,2008-11-18 00:00:00+00,null
LVLT,2014-11-05 00:00:00+00,2017-10-13 00:00:00+00,null
CYM,1996-01-02 00:00:00+00,1999-10-18 00:00:00+00,null
EXPE,2007-10-02 00:00:00+00,null,null
NKE,1996-01-02 00:00:00+00,null,null
RSHCQ,1996-01-02 00:00:00+00,2011-07-01 00:00:00+00,null
TA,1996-01-02 00:00:00+00,1999-07-22 00:00:00+00,null
WEN,1996-01-02 00:00:00+00,2008-09-30 00:00:00+00,null
GRA,1996-01-02 00:00:00+00,2000-12-11 00:00:00+00,null
FNMA,1996-01-02 00:00:00+00,2008-09-11 00:00:00+00,null
KWP,1996-01-02 00:00:00+00,1999-11-16 00:00:00+00,null
MWI,1996-01-02 00:00:00+00,1999-05-28 00:00:00+00,null
TPR,2004-09-01 00:00:00+00,null,null
FFIV,2010-12-20 00:00:00+00,null,null
CFN,2009-09-01 00:00:00+00,2015-03-17 00:00:00+00,null
CZR,2021-03-22 00:00:00+00,2025-09-22 00:00:00+00,null
PKG,2017-07-26 00:00:00+00,null,null
CSGP,2022-09-19 00:00:00+00,null,null
VST,2024-05-08 00:00:00+00,null,null
KKR,2024-06-24 00:00:00+00,null,null
DNR,2009-04-02 00:00:00+00,2015-03-23 00:00:00+00,null
BIG,1998-01-20 00:00:00+00,2013-02-14 00:00:00+00,null
TIF,2000-06-21 00:00:00+00,2021-01-07 00:00:00+00,null
MEA,1996-01-02 00:00:00+00,2002-01-30 00:00:00+00,null
MRK,1996-01-02 00:00:00+00,null,null
MHS,2003-08-20 00:00:00+00,2012-04-02 00:00:00+00,null
BSC,1998-07-01 00:00:00+00,2008-06-02 00:00:00+00,null
MMM,1996-01-02 00:00:00+00,null,null
MEE,1996-01-02 00:00:00+00,2000-12-22 00:00:00+00,null
MEE,2008-06-23 00:00:00+00,2011-06-02 00:00:00+00,null
AL,1996-01-02 00:00:00+00,2002-07-22 00:00:00+00,null
JEF,2007-08-27 00:00:00+00,2019-09-26 00:00:00+00,null
PBCT,2008-11-13 00:00:00+00,2022-04-04 00:00:00+00,null
ALLE,2013-12-02 00:00:00+00,null,null
HSIC,2015-03-18 00:00:00+00,null,null
WBA,1996-01-02 00:00:00+00,2025-08-28 00:00:00+00,null
AFL,1999-05-28 00:00:00+00,null,null
ORX,1996-01-02 00:00:00+00,1999-03-01 00:00:00+00,null
FHN,2002-05-06 00:00:00+00,2013-06-24 00:00:00+00,null
DTE,1996-01-02 00:00:00+00,null,null
FITB,1996-03-08 00:00:00+00,null,null
AJG,2016-05-31 00:00:00+00,null,null
DPZ,2020-05-12 00:00:00+00,null,null
TTWO,2018-03-19 00:00:00+00,null,null
ICE,2007-09-26 00:00:00+00,null,null
EDS,1998-08-11 00:00:00+00,2008-08-26 00:00:00+00,null
LHX,2019-06-01 00:00:00+00,null,null
ODP,1999-06-24 00:00:00+00,2010-12-20 00:00:00+00,null
AWK,2016-03-04 00:00:00+00,null,null
TGT,1996-01-02 00:00:00+00,null,null
RAI,2002-09-04 00:00:00+00,2017-07-25 00:00:00+00,null
FL,1996-01-02 00:00:00+00,1999-01-04 00:00:00+00,null
FL,2016-04-04 00:00:00+00,2019-08-09 00:00:00+00,null
HCP,2008-03-31 00:00:00+00,2019-11-05 00:00:00+00,null
BGG,1996-01-02 00:00:00+00,2001-04-03 00:00:00+00,null
GM,2013-06-07 00:00:00+00,null,null
ORLY,2009-03-27 00:00:00+00,null,null
UHS,2014-09-22 00:00:00+00,null,null
NYN,1996-01-02 00:00:00+00,1997-08-15 00:00:00+00,null
EKDKQ,1996-01-02 00:00:00+00,2010-12-20 00:00:00+00,null
WB,1996-01-02 00:00:00+00,2009-01-02 00:00:00+00,null
AS,1996-01-02 00:00:00+00,1998-11-24 00:00:00+00,null
WBD,2022-04-11 00:00:00+00,null,null
XLNX,1999-11-08 00:00:00+00,2022-02-15 00:00:00+00,null
HCBK,2007-02-15 00:00:00+00,2015-11-02 00:00:00+00,null
FBHS,2016-06-24 00:00:00+00,2022-12-19 00:00:00+00,null
FISV,2001-04-02 00:00:00+00,2023-06-07 00:00:00+00,null
FISV,2025-11-11 00:00:00+00,null,null
GIDL,1996-01-02 00:00:00+00,1997-07-17 00:00:00+00,null
FWLT,1996-01-02 00:00:00+00,2000-01-31 00:00:00+00,null
GTE,1996-01-02 00:00:00+00,2000-07-03 00:00:00+00,null
MAY,1996-01-02 00:00:00+00,2005-08-29 00:00:00+00,null
JCI,1996-01-02 00:00:00+00,null,null
AMGN,1996-01-02 00:00:00+00,null,null
CCI,1996-01-02 00:00:00+00,1998-10-08 00:00:00+00,null
CCI,2012-03-13 00:00:00+00,null,null
GLK,1996-01-02 00:00:00+00,2005-07-05 00:00:00+00,null
HBOC,1997-10-23 00:00:00+00,1999-01-13 00:00:00+00,null
WPX,2012-01-03 00:00:00+00,2014-03-24 00:00:00+00,null
AIT,1996-01-02 00:00:00+00,1999-10-11 00:00:00+00,null
SHLD,2005-03-28 00:00:00+00,2012-09-05 00:00:00+00,null
ALGN,2017-06-19 00:00:00+00,null,null
CI,1996-01-02 00:00:00+00,null,null
GRMN,2012-12-12 00:00:00+00,null,null
DECK,2024-03-18 00:00:00+00,null,null
WIN,2006-07-18 00:00:00+00,2015-04-07 00:00:00+00,null
ESV,2007-01-04 00:00:00+00,2009-12-23 00:00:00+00,null
ESV,2012-07-31 00:00:00+00,2016-03-30 00:00:00+00,null
ROST,2009-12-21 00:00:00+00,null,null
MXIM,2000-05-10 00:00:00+00,2007-09-27 00:00:00+00,null
MXIM,2018-12-03 00:00:00+00,2021-08-30 00:00:00+00,null
SLB,1996-01-02 00:00:00+00,null,null
AET,1996-01-02 00:00:00+00,2018-11-29 00:00:00+00,true
NC,1996-01-02 00:00:00+00,2000-06-05 00:00:00+00,null
CHRS,1996-01-02 00:00:00+00,1998-04-08 00:00:00+00,null
L,1996-01-02 00:00:00+00,null,null
UPC,1998-10-01 00:00:00+00,2004-07-01 00:00:00+00,null
HSH,1996-01-02 00:00:00+00,2012-06-29 00:00:00+00,null
AV,2000-10-02 00:00:00+00,2007-10-26 00:00:00+00,null
CR,1996-01-02 00:00:00+00,2004-12-20 00:00:00+00,null
VO,1996-01-02 00:00:00+00,2000-12-11 00:00:00+00,null
NDSN,2022-02-15 00:00:00+00,null,null
APH,2008-09-30 00:00:00+00,null,null
HPC,1996-01-02 00:00:00+00,2008-11-14 00:00:00+00,null
DVA,2008-07-31 00:00:00+00,null,null
AWE,2001-07-09 00:00:00+00,2004-10-27 00:00:00+00,null
ABC,2001-08-30 00:00:00+00,2023-08-30 00:00:00+00,null
GILD,2004-07-01 00:00:00+00,null,null
STO,1996-01-02 00:00:00+00,1998-11-18 00:00:00+00,null
ZBRA,2019-12-23 00:00:00+00,null,null
PCH,1996-01-02 00:00:00+00,2001-07-09 00:00:00+00,null
IKN,1996-01-02 00:00:00+00,2000-06-29 00:00:00+00,null
CDW,2019-09-23 00:00:00+00,null,null
HI,1996-01-02 00:00:00+00,2003-03-31 00:00:00+00,null
DE,1996-01-02 00:00:00+00,null,null
SNT,1996-01-02 00:00:00+00,1999-10-26 00:00:00+00,null
HP,1996-01-02 00:00:00+00,1999-12-31 00:00:00+00,null
HP,2010-03-01 00:00:00+00,2020-05-22 00:00:00+00,null
NLC,1996-01-02 00:00:00+00,1999-08-02 00:00:00+00,null
STZ,2005-07-05 00:00:00+00,null,null
PCG,1996-01-02 00:00:00+00,2019-01-18 00:00:00+00,null
PCG,2022-10-03 00:00:00+00,null,null
MRNA,2021-07-21 00:00:00+00,null,null
HBI,2015-03-23 00:00:00+00,2021-12-20 00:00:00+00,null
NOVL,1996-01-02 00:00:00+00,2011-04-28 00:00:00+00,null
NRG,2010-01-29 00:00:00+00,null,null
VLTO,2023-10-02 00:00:00+00,null,null
MET,2000-12-11 00:00:00+00,null,null
AES,1998-10-02 00:00:00+00,null,null
NCC,1996-01-02 00:00:00+00,2009-01-02 00:00:00+00,null
X,1996-01-02 00:00:00+00,2014-07-02 00:00:00+00,null
TRIP,2011-12-21 00:00:00+00,2019-12-23 00:00:00+00,null
CNW,1996-01-02 00:00:00+00,1996-12-03 00:00:00+00,null
MIL,1996-01-02 00:00:00+00,2010-07-15 00:00:00+00,null
QTRN,1999-11-16 00:00:00+00,2003-09-26 00:00:00+00,null
FDS,2021-12-20 00:00:00+00,null,null
NWSA,2013-07-01 00:00:00+00,null,null
KSU,1999-04-05 00:00:00+00,2000-07-13 00:00:00+00,null
KSU,2013-05-24 00:00:00+00,2021-12-14 00:00:00+00,null
IAC,2006-12-01 00:00:00+00,2008-08-21 00:00:00+00,null
CLF,2009-12-21 00:00:00+00,2014-04-02 00:00:00+00,null
EOG,2000-11-02 00:00:00+00,null,null
PNR,2012-10-01 00:00:00+00,null,null
DGX,2002-12-12 00:00:00+00,null,null
ABBV,2013-01-02 00:00:00+00,null,null
PCAR,1996-01-02 00:00:00+00,null,null
GLD,1996-01-02 00:00:00+00,1997-05-06 00:00:00+00,null
WCOEQ,1996-04-01 00:00:00+00,2002-05-15 00:00:00+00,null
DISCA,2010-03-01 00:00:00+00,2022-04-11 00:00:00+00,null
AAL,1996-01-02 00:00:00+00,1997-01-15 00:00:00+00,null
AAL,2015-03-23 00:00:00+00,2024-09-23 00:00:00+00,null
CME,2006-08-11 00:00:00+00,null,null
TDC,2007-10-01 00:00:00+00,2017-06-19 00:00:00+00,null
NSC,1996-01-02 00:00:00+00,null,null
WAI,1996-01-02 00:00:00+00,1998-08-11 00:00:00+00,null
TDM,1996-01-02 00:00:00+00,1997-09-02 00:00:00+00,null
CTAS,2001-03-01 00:00:00+00,null,null
KIM,2006-04-03 00:00:00+00,null,null
MOH,2022-03-02 00:00:00+00,null,null
LNT,2016-07-01 00:00:00+00,null,null
NLOK,2019-11-05 00:00:00+00,2022-11-08 00:00:00+00,null
BEV,1996-01-02 00:00:00+00,1997-12-04 00:00:00+00,null
LU,1996-10-01 00:00:00+00,2006-12-01 00:00:00+00,null
ANRZQ,2011-06-02 00:00:00+00,2012-10-02 00:00:00+00,null
WCG,2018-09-17 00:00:00+00,2020-01-28 00:00:00+00,null
K,1996-01-02 00:00:00+00,2025-12-11 00:00:00+00,null
MBI,1996-12-03 00:00:00+00,2009-12-21 00:00:00+00,null
URBN,2010-02-08 00:00:00+00,2017-03-20 00:00:00+00,null
OTIS,2020-04-03 00:00:00+00,null,null
ADM,1996-01-02 00:00:00+00,null,null
OKE,1996-01-02 00:00:00+00,2001-08-30 00:00:00+00,null
OKE,2010-03-15 00:00:00+00,null,null
AR,1996-01-02 00:00:00+00,1999-10-27 00:00:00+00,null
XL,2001-09-04 00:00:00+00,2018-09-12 00:00:00+00,null
WFC,1996-01-02 00:00:00+00,null,null
TIE,2007-10-29 00:00:00+00,2012-12-24 00:00:00+00,null
RL,2007-02-02 00:00:00+00,null,null
DD,1996-01-02 00:00:00+00,2017-09-01 00:00:00+00,null
DD,2019-06-03 00:00:00+00,null,null
BHMSQ,1996-01-02 00:00:00+00,2000-12-11 00:00:00+00,null
EFU,1996-01-02 00:00:00+00,2000-11-02 00:00:00+00,null
SCHW,1997-06-02 00:00:00+00,null,null
GTW,1998-04-27 00:00:00+00,2006-08-01 00:00:00+00,null
BLY,1996-01-02 00:00:00+00,1996-12-19 00:00:00+00,null
STLD,2022-12-22 00:00:00+00,null,null
F,1996-01-02 00:00:00+00,null,null
FTL.A,1996-01-02 00:00:00+00,1999-10-01 00:00:00+00,null
GE,1996-01-02 00:00:00+00,null,null
PNC,1996-01-02 00:00:00+00,null,null
CIEN,2001-08-30 00:00:00+00,2009-12-21 00:00:00+00,null
AYI,2016-05-03 00:00:00+00,2018-06-18 00:00:00+00,null
BAX,1996-01-02 00:00:00+00,null,null
RMD,2017-07-26 00:00:00+00,null,null
FI,2023-06-07 00:00:00+00,2025-11-11 00:00:00+00,null
PDCO,2005-10-11 00:00:00+00,2018-03-19 00:00:00+00,null
IGT,2001-09-04 00:00:00+00,2014-06-20 00:00:00+00,null
UIS,1996-01-02 00:00:00+00,2008-11-11 00:00:00+00,null
V,2009-12-21 00:00:00+00,null,null
CMCSK,2015-09-21 00:00:00+00,2015-12-14 00:00:00+00,null
MO,1996-01-02 00:00:00+00,null,null
CXO,2016-02-22 00:00:00+00,2021-01-21 00:00:00+00,null
BAC,1996-01-02 00:00:00+00,null,null
RHT,2009-07-27 00:00:00+00,2019-07-15 00:00:00+00,null
ALTR,2000-04-18 00:00:00+00,2015-12-28 00:00:00+00,null
NTRS,1998-01-30 00:00:00+00,null,null
CMA,1996-01-02 00:00:00+00,2024-06-24 00:00:00+00,null
COP,1996-01-02 00:00:00+00,null,null
EP,1999-10-26 00:00:00+00,2012-05-25 00:00:00+00,null
NAE,1996-01-02 00:00:00+00,1997-08-07 00:00:00+00,null
ATGE,2009-06-09 00:00:00+00,2012-10-01 00:00:00+00,null
ASND,1998-06-12 00:00:00+00,1999-06-25 00:00:00+00,null
FRC,2019-01-02 00:00:00+00,2023-05-04 00:00:00+00,null
CPRI,2016-01-04 00:00:00+00,2020-05-12 00:00:00+00,null
SEG,1996-08-16 00:00:00+00,2000-11-22 00:00:00+00,null
DISCK,2014-08-07 00:00:00+00,2022-04-11 00:00:00+00,null
GWW,1996-01-02 00:00:00+00,null,null
ANDV,2007-09-27 00:00:00+00,2018-10-01 00:00:00+00,null
GAS,1996-01-02 00:00:00+00,2011-12-12 00:00:00+00,null
GAS,2011-12-13 00:00:00+00,2016-07-01 00:00:00+00,null
GSX,1996-01-02 00:00:00+00,1998-10-07 00:00:00+00,null
CBSS,2004-12-20 00:00:00+00,2007-09-07 00:00:00+00,null
FANG,2018-12-03 00:00:00+00,null,null
KR,1996-01-02 00:00:00+00,null,null
UN,1996-01-02 00:00:00+00,2002-07-22 00:00:00+00,null
KLAC,1997-09-15 00:00:00+00,null,null
EMN,1996-01-02 00:00:00+00,2025-11-04 00:00:00+00,null
XYZ,2025-07-23 00:00:00+00,null,null
PWJ,1999-06-04 00:00:00+00,2000-11-06 00:00:00+00,null
RHI,2000-12-05 00:00:00+00,2024-06-24 00:00:00+00,null
ATVI,2015-08-31 00:00:00+00,2023-10-18 00:00:00+00,null
PVH,2013-02-14 00:00:00+00,2022-09-19 00:00:00+00,null
BXLT,2015-07-01 00:00:00+00,2016-06-03 00:00:00+00,null
FII,2003-04-16 00:00:00+00,2013-01-02 00:00:00+00,null
MKTX,2019-07-01 00:00:00+00,2025-09-22 00:00:00+00,null
CSR,1996-01-02 00:00:00+00,2000-06-16 00:00:00+00,null
TECH,2021-08-30 00:00:00+00,null,null
OK,1999-12-02 00:00:00+00,2001-04-02 00:00:00+00,null
MCK,1999-01-13 00:00:00+00,null,null
PANW,2023-06-20 00:00:00+00,null,null
MMI,2011-01-04 00:00:00+00,2012-05-22 00:00:00+00,null
ARE,2017-03-20 00:00:00+00,null,null
SWN,2008-06-06 00:00:00+00,2017-04-04 00:00:00+00,null
THY,1996-01-02 00:00:00+00,1996-10-16 00:00:00+00,null
DIS,1996-01-02 00:00:00+00,null,null
BKB,1996-01-02 00:00:00+00,1999-10-01 00:00:00+00,null
INVH,2022-09-19 00:00:00+00,null,null
JH,1996-01-02 00:00:00+00,1998-04-01 00:00:00+00,null
ARES,2025-12-11 00:00:00+00,null,null
LUV,1996-01-02 00:00:00+00,null,null
APD,1996-01-02 00:00:00+00,null,null
NRTLQ,1996-01-02 00:00:00+00,2002-07-22 00:00:00+00,null
HSP,2004-05-03 00:00:00+00,2015-09-03 00:00:00+00,null
HIG,1996-01-02 00:00:00+00,null,null
CRM,2008-09-15 00:00:00+00,null,null
DWD,1996-01-02 00:00:00+00,1997-06-02 00:00:00+00,null
PEAK,2019-11-05 00:00:00+00,2024-03-04 00:00:00+00,null
ASC,1996-01-02 00:00:00+00,1999-06-24 00:00:00+00,null
TEG,2007-02-22 00:00:00+00,2015-06-30 00:00:00+00,null
WFT,2005-07-22 00:00:00+00,2009-02-26 00:00:00+00,null
TFC,2019-12-09 00:00:00+00,null,null
LLY,1996-01-02 00:00:00+00,null,null
PDG,1996-01-02 00:00:00+00,2002-07-22 00:00:00+00,null
VIAB,2006-01-03 00:00:00+00,2019-12-05 00:00:00+00,null
UAL,2015-09-03 00:00:00+00,null,null
ALB,2016-07-01 00:00:00+00,null,null
ACAS,2007-07-09 00:00:00+00,2009-03-04 00:00:00+00,null
BMET,1996-01-02 00:00:00+00,2007-07-12 00:00:00+00,null
RDS.A,1996-01-02 00:00:00+00,2002-07-22 00:00:00+00,null
BBT,1997-12-04 00:00:00+00,2019-12-09 00:00:00+00,null
SLG,2015-03-23 00:00:00+00,2021-03-22 00:00:00+00,null
VTRS,2020-11-17 00:00:00+00,null,null
CG,1996-01-02 00:00:00+00,2000-11-02 00:00:00+00,null
VAT,1996-01-02 00:00:00+00,1996-09-06 00:00:00+00,null
PODD,2023-03-15 00:00:00+00,null,null
POOL,2020-10-07 00:00:00+00,null,null
SMCI,2024-03-18 00:00:00+00,null,null
SNI,2008-07-01 00:00:00+00,2018-03-07 00:00:00+00,null
DG,1998-07-16 00:00:00+00,2007-07-09 00:00:00+00,null
DG,2012-12-03 00:00:00+00,null,null
MI,2002-02-11 00:00:00+00,2011-07-06 00:00:00+00,null
DLTR,2011-12-19 00:00:00+00,null,null
SNDK,2006-04-20 00:00:00+00,2016-05-12 00:00:00+00,null
SNDK,2025-11-28 00:00:00+00,null,null
SYF,2015-11-18 00:00:00+00,null,null
DUK,1996-01-02 00:00:00+00,null,null
ANSS,2017-06-19 00:00:00+00,2025-07-18 00:00:00+00,null
ABMD,2018-05-31 00:00:00+00,2022-12-22 00:00:00+00,null
MHK,2013-12-23 00:00:00+00,2025-12-22 00:00:00+00,null
HSY,1996-01-02 00:00:00+00,null,null
WELL,2009-01-30 00:00:00+00,null,null
WWY,1996-01-02 00:00:00+00,2008-10-07 00:00:00+00,null
DOW,1996-01-02 00:00:00+00,2017-09-01 00:00:00+00,null
DOW,2019-04-02 00:00:00+00,null,null
HNZ,1996-01-02 00:00:00+00,2013-06-07 00:00:00+00,null
PCS,1998-11-24 00:00:00+00,2004-04-23 00:00:00+00,null
PBG,2001-05-14 00:00:00+00,2010-03-01 00:00:00+00,null
SRR,1996-01-02 00:00:00+00,1997-10-07 00:00:00+00,null
MTLQQ,1996-01-02 00:00:00+00,2009-06-03 00:00:00+00,null
CHIR,2000-11-24 00:00:00+00,2006-04-20 00:00:00+00,null
HST,2007-03-20 00:00:00+00,null,null
MDLZ,2007-04-02 00:00:00+00,null,null
OMX,1996-01-02 00:00:00+00,2008-06-23 00:00:00+00,null
CBE,1996-01-02 00:00:00+00,2009-09-09 00:00:00+00,null
CBE,2011-11-23 00:00:00+00,2012-12-03 00:00:00+00,null
CCU,1997-09-02 00:00:00+00,2008-07-31 00:00:00+00,null
SRE,1998-06-29 00:00:00+00,null,null
RATL,2002-02-01 00:00:00+00,2003-02-21 00:00:00+00,null
RX,1996-11-04 00:00:00+00,2010-02-26 00:00:00+00,null
ASO,1999-03-10 00:00:00+00,2006-11-06 00:00:00+00,null
PWER,2000-10-23 00:00:00+00,2005-03-14 00:00:00+00,null
CBH,2006-06-06 00:00:00+00,2008-03-31 00:00:00+00,null
FOSL,2012-04-04 00:00:00+00,2016-01-05 00:00:00+00,null
BSX,1996-01-02 00:00:00+00,null,null
NOV,2005-03-14 00:00:00+00,2021-09-20 00:00:00+00,null
LLL,2004-12-01 00:00:00+00,2019-07-01 00:00:00+00,null
DLX,1996-01-02 00:00:00+00,2004-12-20 00:00:00+00,null
KEY,1996-01-02 00:00:00+00,null,null
PBI,1996-01-02 00:00:00+00,2017-03-01 00:00:00+00,null
CAR,1996-01-02 00:00:00+00,2006-08-01 00:00:00+00,null
BR,1996-01-02 00:00:00+00,2006-04-03 00:00:00+00,null
BR,2018-06-18 00:00:00+00,null,null
GFS.A,1996-01-02 00:00:00+00,1998-07-16 00:00:00+00,null
ETFC,2004-04-01 00:00:00+00,2020-10-07 00:00:00+00,null
CTRA,2021-10-04 00:00:00+00,null,null
CNG,1996-01-02 00:00:00+00,2000-01-31 00:00:00+00,null
UCC,1996-01-02 00:00:00+00,1999-05-03 00:00:00+00,null
CHK,2006-03-03 00:00:00+00,2018-03-19 00:00:00+00,null
CTLT,2020-09-21 00:00:00+00,2024-12-23 00:00:00+00,null
USHC,1996-01-02 00:00:00+00,1996-07-19 00:00:00+00,null
FIX,2025-12-22 00:00:00+00,null,null
ADT,2012-10-02 00:00:00+00,2016-05-02 00:00:00+00,null
RYAN,1996-01-02 00:00:00+00,1997-01-02 00:00:00+00,null
TRGP,2022-10-12 00:00:00+00,null,null
ROH,1996-01-02 00:00:00+00,2009-04-02 00:00:00+00,null
AKS,2008-07-01 00:00:00+00,2011-12-19 00:00:00+00,null
STX,2012-07-02 00:00:00+00,null,null
CPGX,2015-07-02 00:00:00+00,2016-07-01 00:00:00+00,null
MOS,2011-09-26 00:00:00+00,null,null
ETR,1996-01-02 00:00:00+00,null,null
JP,1996-01-02 00:00:00+00,2006-04-03 00:00:00+00,null
KG,2000-10-03 00:00:00+00,2010-12-20 00:00:00+00,null
MTB,2004-02-27 00:00:00+00,null,null
MAC,2013-05-09 00:00:00+00,2019-12-23 00:00:00+00,null
ADCT,1999-08-02 00:00:00+00,2007-07-02 00:00:00+00,null
CBOE,2017-03-01 00:00:00+00,null,null
JOS,1996-01-02 00:00:00+00,2000-05-10 00:00:00+00,null
BHF,2017-08-07 00:00:00+00,2019-04-02 00:00:00+00,null
INCLF,1996-01-02 00:00:00+00,2002-07-22 00:00:00+00,null
SWKS,2015-03-12 00:00:00+00,null,null
TKR,1996-01-02 00:00:00+00,2001-08-07 00:00:00+00,null
KSS,1998-08-14 00:00:00+00,2020-09-21 00:00:00+00,null
SNV,1997-12-01 00:00:00+00,2008-01-02 00:00:00+00,null
ALXN,2012-05-25 00:00:00+00,2021-07-21 00:00:00+00,null
TWTR,2018-06-07 00:00:00+00,2022-11-01 00:00:00+00,null
NXTL,1998-04-01 00:00:00+00,2005-08-15 00:00:00+00,null
BMGCA,1996-07-22 00:00:00+00,1999-08-09 00:00:00+00,null
TJX,1996-01-02 00:00:00+00,null,null
CYR,1996-01-02 00:00:00+00,1996-03-28 00:00:00+00,null
APTV,2012-12-24 00:00:00+00,null,null
TAP,1996-01-02 00:00:00+00,null,null
RAD,1996-01-02 00:00:00+00,2000-07-27 00:00:00+00,null
MSFT,1996-01-02 00:00:00+00,null,null
MD,1996-01-02 00:00:00+00,1997-08-01 00:00:00+00,null
LRCX,2012-06-05 00:00:00+00,null,null
CBS,1996-01-02 00:00:00+00,2019-12-05 00:00:00+00,null
MGM,2017-07-26 00:00:00+00,null,null
CAH,1997-05-27 00:00:00+00,null,null
SMS,1996-01-02 00:00:00+00,2000-06-08 00:00:00+00,null
HAL,1996-01-02 00:00:00+00,null,null
TCOMA,1996-01-02 00:00:00+00,1999-03-10 00:00:00+00,null
BOL,1996-01-02 00:00:00+00,2007-10-29 00:00:00+00,null
UST,1996-01-02 00:00:00+00,2009-01-06 00:00:00+00,null
CMVT,1999-10-27 00:00:00+00,2007-02-01 00:00:00+00,null
BRL,2006-02-27 00:00:00+00,2008-12-23 00:00:00+00,null
AVB,2007-01-10 00:00:00+00,null,null
EXR,2016-01-19 00:00:00+00,null,null
LKQ,2016-05-23 00:00:00+00,2025-12-22 00:00:00+00,null
SOLV,2024-04-03 00:00:00+00,null,null
RYC,1996-01-02 00:00:00+00,1999-08-13 00:00:00+00,null
RVTY,2023-05-16 00:00:00+00,null,null
CITGQ,2004-10-27 00:00:00+00,2009-07-27 00:00:00+00,null
CTSH,2006-11-17 00:00:00+00,null,null
VRSN,2006-02-01 00:00:00+00,null,null
AMCR,2019-06-07 00:00:00+00,null,null
ACGL,2022-11-01 00:00:00+00,null,null
CLX,1996-01-02 00:00:00+00,null,null
AAPL,1996-01-02 00:00:00+00,null,null
CMS,1999-05-03 00:00:00+00,null,null
WY,1996-01-02 00:00:00+00,null,null
BXP,2006-04-03 00:00:00+00,null,null
ALK,2016-05-13 00:00:00+00,2023-10-18 00:00:00+00,null
GEV,2024-04-03 00:00:00+00,null,null
IMNX,2001-09-21 00:00:00+00,2002-07-16 00:00:00+00,null
SAF,1996-01-02 00:00:00+00,2008-09-23 00:00:00+00,null
DHI,2005-07-05 00:00:00+00,null,null
HON,1996-01-02 00:00:00+00,null,null
IP,1996-01-02 00:00:00+00,null,null
TEL,2007-07-02 00:00:00+00,2009-06-26 00:00:00+00,null
TEL,2011-10-17 00:00:00+00,null,null
BEN,1998-04-29 00:00:00+00,null,null
MST,1996-01-02 00:00:00+00,1998-08-14 00:00:00+00,null
BMY,1996-01-02 00:00:00+00,null,null
R,1996-01-02 00:00:00+00,2017-06-19 00:00:00+00,null
FLTWQ,1996-01-02 00:00:00+00,2000-01-31 00:00:00+00,null
PHM,1996-01-02 00:00:00+00,null,null
UAA,2014-05-01 00:00:00+00,2022-06-21 00:00:00+00,null
NYX,2007-10-25 00:00:00+00,2013-11-13 00:00:00+00,null
FICO,2023-03-20 00:00:00+00,null,null
CTXS,1999-12-01 00:00:00+00,2022-10-03 00:00:00+00,null
HPH,1996-01-02 00:00:00+00,1999-06-09 00:00:00+00,null
SWK,1996-01-02 00:00:00+00,null,null
AT,1996-01-02 00:00:00+00,2007-11-19 00:00:00+00,null
DALRQ,1996-01-02 00:00:00+00,2005-08-19 00:00:00+00,null
TER,1999-11-15 00:00:00+00,2013-12-23 00:00:00+00,null
TER,2020-09-21 00:00:00+00,null,null
UPS,2002-07-22 00:00:00+00,null,null
MFE,2008-12-23 00:00:00+00,2011-03-01 00:00:00+00,null
DIGI,1996-01-02 00:00:00+00,1998-08-28 00:00:00+00,null
AMG,2014-07-01 00:00:00+00,2019-12-23 00:00:00+00,null
NCLH,2017-10-13 00:00:00+00,null,null
HLT,1996-01-02 00:00:00+00,2007-10-25 00:00:00+00,null
HLT,2017-06-19 00:00:00+00,null,null
ALL,1996-01-02 00:00:00+00,null,null
UPR,1996-10-16 00:00:00+00,2000-07-17 00:00:00+00,null
EW,2011-04-01 00:00:00+00,null,null
JAVA,1996-01-02 00:00:00+00,2010-01-27 00:00:00+00,null
ACN,2011-07-06 00:00:00+00,null,null
GOOG,2014-04-03 00:00:00+00,null,null
SBAC,2017-09-01 00:00:00+00,null,null
KRI,1996-01-02 00:00:00+00,2006-06-28 00:00:00+00,null
MSCI,2018-04-04 00:00:00+00,null,null
HWM,2020-04-06 00:00:00+00,null,null
NVDA,2001-11-30 00:00:00+00,null,null
JHF,2001-06-29 00:00:00+00,2004-04-29 00:00:00+00,null
MRSH,2026-01-14 00:00:00+00,null,null
SOTR,1999-03-01 00:00:00+00,2004-11-01 00:00:00+00,null
FDO,2001-08-06 00:00:00+00,2015-07-07 00:00:00+00,null
SBNY,2021-12-20 00:00:00+00,2023-03-15 00:00:00+00,null
HOOD,2025-09-22 00:00:00+00,null,null
ANTM,2002-07-25 00:00:00+00,2022-06-28 00:00:00+00,null
MJN,2009-12-21 00:00:00+00,2017-06-15 00:00:00+00,null
DAL,2013-09-11 00:00:00+00,null,null
G,1996-01-02 00:00:00+00,2005-10-03 00:00:00+00,null
PX,1996-01-02 00:00:00+00,2018-10-31 00:00:00+00,null
MAS,1996-01-02 00:00:00+00,null,null
TT,2002-05-13 00:00:00+00,2008-06-06 00:00:00+00,null
TT,2020-03-03 00:00:00+00,null,null
BJS,2002-05-15 00:00:00+00,2010-04-29 00:00:00+00,null
SO,1996-01-02 00:00:00+00,null,null
HRB,1996-01-02 00:00:00+00,2020-09-21 00:00:00+00,null
ENPH,2021-01-07 00:00:00+00,2025-09-22 00:00:00+00,null
WMX,1996-01-02 00:00:00+00,1998-07-17 00:00:00+00,null
SEE,1998-04-01 00:00:00+00,2023-10-18 00:00:00+00,null
NCE,1998-11-03 00:00:00+00,2000-08-21 00:00:00+00,null
GOOGL,2006-04-03 00:00:00+00,null,null
ES,2009-03-17 00:00:00+00,null,null
LPX,1996-01-02 00:00:00+00,2006-11-10 00:00:00+00,null
CDAY,2021-09-20 00:00:00+00,2024-02-01 00:00:00+00,null
STI,1996-01-02 00:00:00+00,2019-12-09 00:00:00+00,null
TRV,1996-01-02 00:00:00+00,null,null
STJ,1996-01-02 00:00:00+00,2017-01-05 00:00:00+00,null
KMI,2000-12-12 00:00:00+00,2007-05-31 00:00:00+00,null
KMI,2012-05-25 00:00:00+00,null,null
ECH,1996-01-02 00:00:00+00,1998-07-10 00:00:00+00,null
LOW,1996-01-02 00:00:00+00,null,null
AMCC,2001-01-02 00:00:00+00,2006-05-18 00:00:00+00,null
BX,2023-09-18 00:00:00+00,null,null
QLGC,2000-12-12 00:00:00+00,2011-01-18 00:00:00+00,null
AN,1996-01-02 00:00:00+00,1999-01-04 00:00:00+00,null
AN,2003-02-24 00:00:00+00,2017-08-08 00:00:00+00,null
UA,2016-04-08 00:00:00+00,2022-06-21 00:00:00+00,null
TSS,2008-01-02 00:00:00+00,2019-09-23 00:00:00+00,null
BLDR,2023-10-18 00:00:00+00,null,null
KHC,2015-07-06 00:00:00+00,null,null
LII,2024-12-23 00:00:00+00,null,null
WFM,2006-01-03 00:00:00+00,2017-08-28 00:00:00+00,null
TEN,1996-01-02 00:00:00+00,1999-11-05 00:00:00+00,null
TMC,1996-01-02 00:00:00+00,2000-06-13 00:00:00+00,null
PCP,2007-06-01 00:00:00+00,2016-02-01 00:00:00+00,null
TEK,1996-01-02 00:00:00+00,2007-11-16 00:00:00+00,null
BLK,2011-04-04 00:00:00+00,null,null
FG,1996-01-02 00:00:00+00,1998-04-27 00:00:00+00,null
SHW,1996-01-02 00:00:00+00,null,null
TRW,1996-01-02 00:00:00+00,2002-12-12 00:00:00+00,null
YNR,2000-01-06 00:00:00+00,2000-10-03 00:00:00+00,null
HRS,1996-01-02 00:00:00+00,1999-11-08 00:00:00+00,null
HRS,2008-09-22 00:00:00+00,2019-06-01 00:00:00+00,null
MAR,1998-05-21 00:00:00+00,null,null
CPNLQ,2000-12-01 00:00:00+00,2005-12-02 00:00:00+00,null
DNB,2008-12-02 00:00:00+00,2017-04-05 00:00:00+00,null
KMX,2010-06-28 00:00:00+00,2025-10-31 00:00:00+00,null
PVN,1996-01-02 00:00:00+00,2005-10-03 00:00:00+00,null
SMI,1996-01-02 00:00:00+00,2000-12-12 00:00:00+00,null
GWF,1996-01-02 00:00:00+00,1997-07-02 00:00:00+00,null
GIS,1996-01-02 00:00:00+00,null,null
CEPH,2008-11-17 00:00:00+00,2011-10-14 00:00:00+00,null
GEN,2022-11-08 00:00:00+00,null,null
PFE,1996-01-02 00:00:00+00,null,null
AMTM,2024-09-30 00:00:00+00,2024-12-23 00:00:00+00,null
LEG,1999-10-18 00:00:00+00,2021-12-20 00:00:00+00,null
WM,1998-07-17 00:00:00+00,null,null
JKHY,2018-11-13 00:00:00+00,null,null
RYI,1996-01-02 00:00:00+00,1998-07-01 00:00:00+00,null
NE,2001-01-16 00:00:00+00,2009-03-27 00:00:00+00,null
NE,2011-01-18 00:00:00+00,2015-07-20 00:00:00+00,null
EQR,2001-12-03 00:00:00+00,null,null
PETM,2012-10-05 00:00:00+00,2015-03-12 00:00:00+00,null
NAVI,2014-05-01 00:00:00+00,2018-06-05 00:00:00+00,null
TKO,2025-04-24 00:00:00+00,null,null
KMG,1996-01-02 00:00:00+00,2006-08-11 00:00:00+00,null
VIAV,2000-07-27 00:00:00+00,2013-12-23 00:00:00+00,null
FLR,2000-12-22 00:00:00+00,2019-06-03 00:00:00+00,null
VRSK,2015-10-08 00:00:00+00,null,null
VTSS,2000-12-12 00:00:00+00,2002-08-21 00:00:00+00,null
NOC,1996-01-02 00:00:00+00,null,null
GME,2007-12-14 00:00:00+00,2016-04-25 00:00:00+00,null
LDOS,2009-12-21 00:00:00+00,2013-09-23 00:00:00+00,null
LDOS,2019-08-09 00:00:00+00,null,null
GDT,1996-12-19 00:00:00+00,2006-04-24 00:00:00+00,null
FRO,1997-01-02 00:00:00+00,1999-09-29 00:00:00+00,null
ADP,1996-01-02 00:00:00+00,null,null
PVT,1998-08-31 00:00:00+00,1999-07-01 00:00:00+00,null
DPHIQ,1999-05-28 00:00:00+00,2005-10-11 00:00:00+00,null
EHC,1997-01-08 00:00:00+00,2003-03-21 00:00:00+00,null
BIO,2020-06-22 00:00:00+00,2024-09-23 00:00:00+00,null
SW,2024-07-08 00:00:00+00,null,null
AMP,1996-01-02 00:00:00+00,1999-04-05 00:00:00+00,null
AMP,2005-10-03 00:00:00+00,null,null
MOB,1996-01-02 00:00:00+00,1999-12-01 00:00:00+00,null
ON,2022-06-21 00:00:00+00,null,null
SAPE,2000-05-05 00:00:00+00,2002-05-13 00:00:00+00,null
DWDP,2017-09-01 00:00:00+00,2019-06-03 00:00:00+00,null
MAT,1996-01-02 00:00:00+00,2019-06-07 00:00:00+00,null
XEL,1996-01-02 00:00:00+00,null,null
CAG,1996-01-02 00:00:00+00,null,null
NEM,1996-01-02 00:00:00+00,null,null
LLTC,2000-04-03 00:00:00+00,2017-03-13 00:00:00+00,null
FRX,2000-11-22 00:00:00+00,2014-07-01 00:00:00+00,null
CPRT,2018-07-02 00:00:00+00,null,null
CRR,1996-01-02 00:00:00+00,1997-05-27 00:00:00+00,null
NEE,1996-01-02 00:00:00+00,null,null
MDP,1996-01-02 00:00:00+00,2011-01-04 00:00:00+00,null
SEDG,2021-12-20 00:00:00+00,2023-10-18 00:00:00+00,null
BMC,1998-10-01 00:00:00+00,2013-09-11 00:00:00+00,null
C,1996-01-02 00:00:00+00,null,null
CSE,1996-01-22 00:00:00+00,1999-11-15 00:00:00+00,null
TWX,1996-01-02 00:00:00+00,2018-06-15 00:00:00+00,null
UCM,1996-01-02 00:00:00+00,2000-10-23 00:00:00+00,null
BA,1996-01-02 00:00:00+00,null,null
FLS,2008-10-02 00:00:00+00,2021-03-22 00:00:00+00,null
GNRC,2021-03-22 00:00:00+00,null,null
RF,1998-08-28 00:00:00+00,null,null
KMB,1996-01-02 00:00:00+00,null,null
APA,1997-07-28 00:00:00+00,null,null
ED,1996-01-02 00:00:00+00,null,null
BTUUQ,2006-11-20 00:00:00+00,2014-09-22 00:00:00+00,null
NXPI,2021-03-22 00:00:00+00,null,null
AM,1996-01-02 00:00:00+00,2004-05-03 00:00:00+00,null
TIN,1996-01-02 00:00:00+00,2007-12-31 00:00:00+00,null
PBY,1996-01-02 00:00:00+00,2000-04-03 00:00:00+00,null
SB,1996-01-02 00:00:00+00,1997-11-28 00:00:00+00,null
TYL,2020-06-22 00:00:00+00,null,null
APOL,2002-05-15 00:00:00+00,2013-07-01 00:00:00+00,null
UAWGQ,1996-01-02 00:00:00+00,2002-05-15 00:00:00+00,null
SEBL,2000-05-05 00:00:00+00,2006-02-01 00:00:00+00,null
TSCO,2014-01-24 00:00:00+00,null,null
ROK,1996-01-02 00:00:00+00,null,null
PAC,1996-01-02 00:00:00+00,1997-04-01 00:00:00+00,null
FBO,1996-01-02 00:00:00+00,1996-03-13 00:00:00+00,null
LUB,1996-01-02 00:00:00+00,1997-01-02 00:00:00+00,null
USS,1996-01-02 00:00:00+00,1998-10-02 00:00:00+00,null
JWN,1996-01-02 00:00:00+00,2020-06-22 00:00:00+00,null
YRCW,1996-01-02 00:00:00+00,1996-11-04 00:00:00+00,null
STE,2019-12-23 00:00:00+00,null,null
TXT,1996-01-02 00:00:00+00,null,null
UCL,1996-01-02 00:00:00+00,2005-08-11 00:00:00+00,null
CMB,1996-01-02 00:00:00+00,1996-04-01 00:00:00+00,null
INTU,2000-12-11 00:00:00+00,null,null
OM,1996-01-02 00:00:00+00,1996-10-01 00:00:00+00,null
DYN,2000-10-03 00:00:00+00,2009-12-21 00:00:00+00,null
CFC,1997-06-18 00:00:00+00,2008-07-01 00:00:00+00,null
GL,2019-08-08 00:00:00+00,null,null
S,1996-01-02 00:00:00+00,2013-07-09 00:00:00+00,null
COG,2008-06-23 00:00:00+00,2021-10-04 00:00:00+00,null
CNXT,2000-01-31 00:00:00+00,2002-06-26 00:00:00+00,null
PPW,1996-01-02 00:00:00+00,1999-11-30 00:00:00+00,null
RRD,1996-01-02 00:00:00+00,2012-12-12 00:00:00+00,null
IBM,1996-01-02 00:00:00+00,null,null
KSE,2000-08-21 00:00:00+00,2007-08-27 00:00:00+00,null
WYND,2006-08-01 00:00:00+00,2018-05-31 00:00:00+00,null
PM,2008-03-31 00:00:00+00,null,null
HRL,2009-03-04 00:00:00+00,null,null
ENDP,2015-01-27 00:00:00+00,2017-03-02 00:00:00+00,null
EPAM,2021-12-14 00:00:00+00,null,null
LDW.B,1996-01-02 00:00:00+00,1999-12-08 00:00:00+00,null
BDX,1996-01-02 00:00:00+00,null,null
JOY,2011-02-28 00:00:00+00,2015-10-08 00:00:00+00,null
COR,2023-08-30 00:00:00+00,null,null
MWV,1996-01-02 00:00:00+00,2015-07-02 00:00:00+00,null
APO,2024-12-23 00:00:00+00,null,null
MZIAQ,1996-01-02 00:00:00+00,2000-06-29 00:00:00+00,null
TLAB,1996-01-02 00:00:00+00,2011-12-21 00:00:00+00,null
TNB,1996-01-02 00:00:00+00,2004-08-03 00:00:00+00,null
WRK,2015-07-02 00:00:00+00,2024-07-08 00:00:00+00,null
ANF,2007-03-29 00:00:00+00,2013-12-23 00:00:00+00,null
USH,1996-01-02 00:00:00+00,1997-06-18 00:00:00+00,null
NWL,1996-01-02 00:00:00+00,2023-09-18 00:00:00+00,null
GEHC,2023-01-04 00:00:00+00,null,null
AIG,1996-01-02 00:00:00+00,null,null
AKAM,2007-07-12 00:00:00+00,null,null
ETSY,2020-09-21 00:00:00+00,2024-09-23 00:00:00+00,null
ARC,1996-01-02 00:00:00+00,2000-04-18 00:00:00+00,null
SSP,2005-12-20 00:00:00+00,2008-07-01 00:00:00+00,null
MKC,2003-03-21 00:00:00+00,null,null
GNT,1996-03-13 00:00:00+00,1998-07-01 00:00:00+00,null
EVHC,2016-12-02 00:00:00+00,2018-10-11 00:00:00+00,null
TWC,2009-03-30 00:00:00+00,2016-05-18 00:00:00+00,null
RCL,2014-12-05 00:00:00+00,null,null
MLM,2014-07-02 00:00:00+00,null,null
KO,1996-01-02 00:00:00+00,null,null
UDR,2016-03-07 00:00:00+00,null,null
IPG,1996-01-02 00:00:00+00,2025-11-28 00:00:00+00,null
AFS.A,1998-04-08 00:00:00+00,2000-12-01 00:00:00+00,null
DHR,1998-11-18 00:00:00+00,null,null
SYK,2000-12-12 00:00:00+00,null,null
WLA,1996-01-02 00:00:00+00,2000-06-20 00:00:00+00,null
INTC,1996-01-02 00:00:00+00,null,null
PKI,1996-01-02 00:00:00+00,2023-05-16 00:00:00+00,null
JBL,2001-01-30 00:00:00+00,2014-11-05 00:00:00+00,null
JBL,2023-10-18 00:00:00+00,null,null
KBH,1996-01-02 00:00:00+00,2009-12-21 00:00:00+00,null
CCEP,2016-01-04 00:00:00+00,2016-05-31 00:00:00+00,null
PMI,1996-01-02 00:00:00+00,1996-05-31 00:00:00+00,null
BIIB,2003-11-13 00:00:00+00,null,null
XTO,2004-12-29 00:00:00+00,2010-06-28 00:00:00+00,null
MYG,1996-01-02 00:00:00+00,2006-04-03 00:00:00+00,null
TXU,1996-01-02 00:00:00+00,2007-10-10 00:00:00+00,null
FE,1996-01-02 00:00:00+00,null,null
JCP,1996-01-02 00:00:00+00,2013-12-02 00:00:00+00,null
ZION,2001-06-25 00:00:00+00,2024-03-18 00:00:00+00,null
GT,1996-01-02 00:00:00+00,2019-02-27 00:00:00+00,null
APC,1997-07-28 00:00:00+00,2019-08-09 00:00:00+00,null
GX,1999-09-29 00:00:00+00,2001-10-10 00:00:00+00,null
ROL,2018-10-01 00:00:00+00,null,null
DOC,2024-03-04 00:00:00+00,null,null
TSN,2005-08-11 00:00:00+00,null,null
BCR,1996-01-02 00:00:00+00,2017-12-29 00:00:00+00,null
SIG,2015-07-29 00:00:00+00,2018-03-19 00:00:00+00,null
NSI,1996-01-02 00:00:00+00,2001-12-03 00:00:00+00,null
RAL,1996-01-02 00:00:00+00,2001-12-13 00:00:00+00,null
WLL,1996-01-02 00:00:00+00,2002-02-11 00:00:00+00,null
JPM,1996-01-02 00:00:00+00,null,null
INCY,2017-02-28 00:00:00+00,null,null
CTX,1996-01-02 00:00:00+00,2009-08-19 00:00:00+00,null
PNW,1999-10-04 00:00:00+00,null,null
GPC,1996-01-02 00:00:00+00,null,null
IPGP,2018-03-07 00:00:00+00,2022-06-21 00:00:00+00,null
BG,2023-03-15 00:00:00+00,null,null
DDOG,2025-07-09 00:00:00+00,null,null
OXY,1996-01-02 00:00:00+00,null,null
MA,2008-07-18 00:00:00+00,null,null
CMG,2011-04-28 00:00:00+00,null,null
EVRG,2018-06-05 00:00:00+00,null,null
RML,1996-01-02 00:00:00+00,2000-12-12 00:00:00+00,null
CINF,1997-12-18 00:00:00+00,null,null
LYV,2019-12-23 00:00:00+00,null,null
MERQ,2000-06-29 00:00:00+00,2006-01-04 00:00:00+00,null
DF,2006-04-03 00:00:00+00,2013-05-24 00:00:00+00,null
PRGO,2011-12-19 00:00:00+00,2021-09-20 00:00:00+00,null
BT,1996-01-02 00:00:00+00,1999-06-04 00:00:00+00,null
HOT,2000-11-17 00:00:00+00,2016-09-23 00:00:00+00,null
VRTX,2013-09-23 00:00:00+00,null,null
GLW,1996-01-02 00:00:00+00,null,null
LNC,1996-01-02 00:00:00+00,2023-09-18 00:00:00+00,null
LEN,2005-10-04 00:00:00+00,null,null
BBBY,1999-10-01 00:00:00+00,2017-07-26 00:00:00+00,null
LULU,2023-10-18 00:00:00+00,null,null
NFLX,2010-12-20 00:00:00+00,null,null
WDAY,2024-12-23 00:00:00+00,null,null
IBKR,2025-08-28 00:00:00+00,null,null
CAM,2008-01-29 00:00:00+00,2016-04-04 00:00:00+00,null
KDP,2008-10-07 00:00:00+00,2018-07-02 00:00:00+00,null
KDP,2022-06-21 00:00:00+00,null,null
OWENQ,1996-01-02 00:00:00+00,2000-10-02 00:00:00+00,null
HCR,1998-09-28 00:00:00+00,2007-11-09 00:00:00+00,null
CE,2001-04-02 00:00:00+00,2004-02-27 00:00:00+00,null
CE,2018-12-24 00:00:00+00,2025-04-24 00:00:00+00,null
TMUS,2009-06-30 00:00:00+00,2013-05-01 00:00:00+00,null
TMUS,2019-07-15 00:00:00+00,null,null
PSKY,2025-08-08 00:00:00+00,null,null
URI,2014-09-22 00:00:00+00,null,null
CMX,2004-03-25 00:00:00+00,2007-03-23 00:00:00+00,null
EIX,1996-01-02 00:00:00+00,null,null
RE,2017-06-19 00:00:00+00,2023-07-10 00:00:00+00,null
AAP,2015-07-09 00:00:00+00,2023-08-25 00:00:00+00,null
JBHT,2015-07-01 00:00:00+00,null,null
CHRW,2007-03-02 00:00:00+00,null,null
PPL,1996-01-02 00:00:00+00,null,null
NLSN,2013-07-09 00:00:00+00,2022-10-12 00:00:00+00,null
HBAN,1997-08-06 00:00:00+00,null,null
EXC,1996-01-02 00:00:00+00,null,null
PD,1996-01-02 00:00:00+00,2007-03-20 00:00:00+00,null
NYT,1996-01-02 00:00:00+00,2010-12-20 00:00:00+00,null
LSI,1996-01-02 00:00:00+00,2014-05-07 00:00:00+00,null
VRTS,2000-04-03 00:00:00+00,2005-07-05 00:00:00+00,null
IVZ,2008-08-21 00:00:00+00,null,null
WYNN,2008-11-14 00:00:00+00,null,null
ORCL,1996-01-02 00:00:00+00,null,null
MTD,2016-09-06 00:00:00+00,null,null
MCO,1996-01-02 00:00:00+00,null,null
REG,2017-03-02 00:00:00+00,null,null
MNR,1996-01-02 00:00:00+00,1998-09-28 00:00:00+00,null
WOR,1996-01-02 00:00:00+00,2004-12-20 00:00:00+00,null
CARR,2020-04-03 00:00:00+00,null,null
ENS,1996-01-02 00:00:00+00,1997-08-06 00:00:00+00,null
GD,1996-01-02 00:00:00+00,null,null
LVS,2019-10-03 00:00:00+00,null,null
COIN,2025-05-19 00:00:00+00,null,null
XRAY,2008-11-14 00:00:00+00,2024-04-03 00:00:00+00,null
DGN,1996-01-02 00:00:00+00,1999-10-13 00:00:00+00,null
HII,2018-01-03 00:00:00+00,null,null
FDX,1996-01-02 00:00:00+00,null,null
PWR,2009-07-01 00:00:00+00,null,null
CNP,1996-01-02 00:00:00+00,null,null
XEC,2014-06-20 00:00:00+00,2020-03-03 00:00:00+00,null
SUB,1998-01-28 00:00:00+00,2001-03-01 00:00:00+00,null
TUP,1996-05-31 00:00:00+00,2004-03-25 00:00:00+00,null
EL,2006-01-05 00:00:00+00,null,null
PHA,1996-01-02 00:00:00+00,2003-04-16 00:00:00+00,null
ONE,1996-01-02 00:00:00+00,2004-07-01 00:00:00+00,null
WST,2020-05-22 00:00:00+00,null,null
PZE,1996-01-02 00:00:00+00,1998-12-31 00:00:00+00,null
ENRNQ,1996-01-02 00:00:00+00,2001-11-30 00:00:00+00,null
SOV,2004-07-01 00:00:00+00,2009-01-30 00:00:00+00,null
PAYC,2020-01-28 00:00:00+00,null,null
FMC,1996-01-02 00:00:00+00,2002-01-02 00:00:00+00,null
FMC,2009-08-19 00:00:00+00,2025-04-24 00:00:00+00,null
CFL,1996-01-02 00:00:00+00,1998-04-28 00:00:00+00,null
GENZ,2001-12-14 00:00:00+00,2011-04-04 00:00:00+00,null
DFS,2007-07-02 00:00:00+00,2025-05-19 00:00:00+00,null
ASN,2004-12-20 00:00:00+00,2007-10-08 00:00:00+00,null
AMAT,1996-01-02 00:00:00+00,null,null
WMB,1996-01-02 00:00:00+00,null,null
SYY,1996-01-02 00:00:00+00,null,null
EXPD,2007-10-10 00:00:00+00,null,null
NFX,2010-12-20 00:00:00+00,2019-02-15 00:00:00+00,null
LUMN,2020-09-18 00:00:00+00,2023-03-20 00:00:00+00,null
ELV,2022-06-28 00:00:00+00,null,null
PNU,1996-01-02 00:00:00+00,2000-04-03 00:00:00+00,null
VAR,2007-02-12 00:00:00+00,2021-04-20 00:00:00+00,null
WRB,2019-12-05 00:00:00+00,null,null
CRH,2025-12-22 00:00:00+00,null,null
SCI,1996-01-02 00:00:00+00,2000-03-16 00:00:00+00,null
MEDI,2000-06-16 00:00:00+00,2007-06-01 00:00:00+00,null
FTV,2016-07-05 00:00:00+00,null,null
KM,1996-01-02 00:00:00+00,2002-01-17 00:00:00+00,null
MAA,2016-12-02 00:00:00+00,null,null
BF.B,1996-01-02 00:00:00+00,null,true
CVC,2010-12-20 00:00:00+00,2016-06-21 00:00:00+00,null
WMT,1996-01-02 00:00:00+00,null,null
CBRE,2006-11-10 00:00:00+00,null,null
ZTS,2013-06-24 00:00:00+00,null,null
SPG,2002-06-26 00:00:00+00,null,null
POM,2007-11-09 00:00:00+00,2016-03-24 00:00:00+00,null
NKTR,2018-03-19 00:00:00+00,2019-10-03 00:00:00+00,null
SXCL,1999-10-01 00:00:00+00,2001-05-14 00:00:00+00,null
XOM,1996-01-02 00:00:00+00,null,null
RJF,2017-03-20 00:00:00+00,null,null
ECL,1996-01-02 00:00:00+00,null,null
GRN,1996-01-02 00:00:00+00,1998-12-22 00:00:00+00,null
QCOM,1999-07-22 00:00:00+00,null,null
FOXA,2004-12-20 00:00:00+00,null,null
CFG,2016-02-01 00:00:00+00,null,null
CTL,1999-03-25 00:00:00+00,2020-09-18 00:00:00+00,null
COF,1998-07-01 00:00:00+00,null,null
MTW,2007-11-16 00:00:00+00,2009-09-01 00:00:00+00,null
REGN,2013-05-01 00:00:00+00,null,null
HES,1996-01-02 00:00:00+00,2025-07-23 00:00:00+00,null
AVY,1996-01-02 00:00:00+00,null,null
CVS,1996-01-02 00:00:00+00,null,null
TSLA,2020-12-21 00:00:00+00,null,null
CRWD,2024-06-24 00:00:00+00,null,null
MSI,1996-01-02 00:00:00+00,null,null
ABKFQ,2000-12-11 00:00:00+00,2008-06-11 00:00:00+00,null
TEX,2006-12-20 00:00:00+00,2008-11-06 00:00:00+00,null
UK,1996-01-02 00:00:00+00,2001-02-07 00:00:00+00,null
H,1996-01-02 00:00:00+00,2001-06-29 00:00:00+00,null
H,2006-08-01 00:00:00+00,2007-04-10 00:00:00+00,null
AMD,1996-01-02 00:00:00+00,2013-09-23 00:00:00+00,null
AMD,2017-03-20 00:00:00+00,null,null
NSM,1996-01-02 00:00:00+00,2011-09-26 00:00:00+00,null
AABA,1999-12-08 00:00:00+00,2017-06-19 00:00:00+00,null
STR,2006-12-01 00:00:00+00,2010-07-01 00:00:00+00,null
SPGI,1996-01-02 00:00:00+00,null,null
THC,1996-01-02 00:00:00+00,2016-04-18 00:00:00+00,null
WAB,2019-02-27 00:00:00+00,null,null
EFX,1997-06-19 00:00:00+00,null,null
HPE,2015-11-02 00:00:00+00,null,null
CSX,1996-01-02 00:00:00+00,null,null
KEYS,2018-11-06 00:00:00+00,null,null
SII,2006-10-02 00:00:00+00,2010-08-27 00:00:00+00,null
BHGE,1996-01-02 00:00:00+00,2019-10-18 00:00:00+00,null
DO,2009-02-26 00:00:00+00,2016-10-03 00:00:00+00,null
SOLS,2025-10-30 00:00:00+00,2025-12-22 00:00:00+00,null
JNJ,1996-01-02 00:00:00+00,null,null
BK,1996-01-02 00:00:00+00,null,null
SLM,1998-07-01 00:00:00+00,2014-05-01 00:00:00+00,null
PSX,2012-05-01 00:00:00+00,null,null
NOW,2019-11-21 00:00:00+00,null,null
SNA,1996-01-02 00:00:00+00,null,null
ERIE,2024-09-23 00:00:00+00,null,null
UNP,1996-01-02 00:00:00+00,null,null
UBER,2023-10-18 00:00:00+00,null,null
NLV,1996-04-01 00:00:00+00,2000-01-06 00:00:00+00,null
CPWR,1999-01-04 00:00:00+00,2012-01-03 00:00:00+00,null
IDXX,2017-01-05 00:00:00+00,null,null
DTV,2006-12-04 00:00:00+00,2015-07-27 00:00:00+00,null
CBB,1996-01-02 00:00:00+00,1998-01-28 00:00:00+00,null
SLR,1998-12-31 00:00:00+00,2007-10-02 00:00:00+00,null
UVN,2001-02-07 00:00:00+00,2007-03-29 00:00:00+00,null
MNST,2012-06-29 00:00:00+00,null,null
PENN,2021-03-22 00:00:00+00,2022-09-19 00:00:00+00,null
MCIC,1996-01-02 00:00:00+00,1998-09-15 00:00:00+00,null
COTY,2016-10-03 00:00:00+00,2020-09-21 00:00:00+00,null
UMG,1996-01-02 00:00:00+00,2000-06-15 00:00:00+00,null
INGR,1996-01-02 00:00:00+00,1997-07-28 00:00:00+00,null
PGL,1996-01-02 00:00:00+00,2007-02-22 00:00:00+00,null
FMY,1998-07-10 00:00:00+00,1999-05-28 00:00:00+00,null
EQIX,2015-03-23 00:00:00+00,null,null
RRC,2007-12-21 00:00:00+00,2018-06-18 00:00:00+00,null
BLL,1996-01-02 00:00:00+00,2022-05-10 00:00:00+00,null
D,1996-01-02 00:00:00+00,null,null
BVSN,2000-11-06 00:00:00+00,2001-09-04 00:00:00+00,null
TXN,1996-01-02 00:00:00+00,null,null
AAMRQ,1996-01-02 00:00:00+00,2003-03-14 00:00:00+00,true
ABI,1996-01-02 00:00:00+00,2008-11-24 00:00:00+00,true
ABS,1996-01-02 00:00:00+00,2006-06-02 00:00:00+00,true
ABX,1996-01-02 00:00:00+00,2002-07-22 00:00:00+00,true
ACKH,1996-01-02 00:00:00+00,2000-11-17 00:00:00+00,true
ACV,1996-01-02 00:00:00+00,2006-11-17 00:00:00+00,true
AGC,1996-01-02 00:00:00+00,2001-08-29 00:00:00+00,true
AGN,1996-01-02 00:00:00+00,2020-05-12 00:00:00+00,true
ANDW,1996-01-02 00:00:00+00,2006-10-02 00:00:00+00,true